{"chunk_definitions":[{"chunk_id":"c3u12h3pc2o2s","chunk_label":"unnamed-chunk-1","document_id":"89D74C69","expansion_state":0,"options":{"engine":"r","include":false,"label":"unnamed-chunk-103"},"row":23,"row_count":1,"visible":true},{"chunk_id":"c2gy557sjwsin","chunk_label":"unnamed-chunk-2","document_id":"89D74C69","expansion_state":0,"options":{"comment":null,"echo":false,"engine":"r","eval":true,"label":"unnamed-chunk-119","width":"5%"},"row":59,"row_count":1,"visible":true},{"chunk_id":"cgvb7a6hmh807","chunk_label":"unnamed-chunk-5","document_id":"89D74C69","expansion_state":0,"options":{"echo":false,"engine":"r","fig.align":"center","label":"unnamed-chunk-106","out.width":"80%"},"row":104,"row_count":1,"visible":true}],"chunk_rendered_width":595,"default_chunk_options":{"fig.align":"center","message":false,"out.width":"100%","warning":false},"doc_write_time":1606246581,"working_dir":null}